,champ_num,탑,정글,미드,원딜,서폿,탑픽률,정글픽률,미드픽률,원딜픽률,서폿픽률,탑승률,정글승률,미드승률,원딜승률,서폿승률,탑비율,정글비율,미드비율,원딜비율,서폿비율,지속딜,버스트딜,탱,딜탱,이니시,역이니시,ad,ap,하이브리드,돌진기,도주기,근거리평타,원거리평타,포킹,원거리 라인클리어,하드cc(조건부x),은신,글로벌궁,힐,실드(아군보호),슈퍼세이브,자가실드(패시브or스킬),자가회복,노코스트원거리스킬,사거리,역이니시(일반스킬)
 가렌  ,2,TRUE,FALSE,FALSE,FALSE,FALSE,1.4,0,0,0,0,44.69,0,0,0,0,100,0,0,0,0,FALSE,FALSE,TRUE,TRUE,TRUE,FALSE,TRUE,FALSE,FALSE,FALSE,FALSE,TRUE,FALSE,FALSE,FALSE,FALSE,FALSE,FALSE,FALSE,FALSE,FALSE,FALSE,TRUE,FALSE,125,FALSE
갈리오 ,3,FALSE,FALSE,TRUE,FALSE,FALSE,0,0,0,0,0,0,0,0,0,0,0,0,100,0,0,FALSE,FALSE,FALSE,TRUE,FALSE,TRUE,FALSE,TRUE,FALSE,FALSE,FALSE,FALSE,TRUE,FALSE,TRUE,TRUE,FALSE,FALSE,FALSE,FALSE,FALSE,TRUE,TRUE,FALSE,125,FALSE
갱플랭크 ,4,TRUE,FALSE,TRUE,FALSE,FALSE,5.48,0,0,0,0,49.95,0,0,0,0,100,0,7.53,0,0,FALSE,TRUE,FALSE,FALSE,FALSE,FALSE,TRUE,FALSE,FALSE,FALSE,FALSE,TRUE,FALSE,FALSE,TRUE,FALSE,FALSE,TRUE,TRUE,FALSE,FALSE,FALSE,TRUE,FALSE,125,FALSE
그라가스 ,5,FALSE,TRUE,FALSE,FALSE,FALSE,0,2,0,0,0,0,46.28,0,0,0,0,100,0,0,0,FALSE,FALSE,TRUE,TRUE,TRUE,TRUE,FALSE,TRUE,FALSE,TRUE,TRUE,TRUE,FALSE,FALSE,TRUE,TRUE,FALSE,FALSE,FALSE,FALSE,FALSE,FALSE,TRUE,FALSE,125,TRUE
그레이브즈,6,TRUE,TRUE,FALSE,TRUE,FALSE,0,19.36,0,0,0,0,47.81,0,0,0,0,100,0,0,0,FALSE,TRUE,FALSE,FALSE,FALSE,FALSE,TRUE,FALSE,FALSE,TRUE,TRUE,FALSE,TRUE,FALSE,TRUE,FALSE,FALSE,FALSE,FALSE,FALSE,FALSE,FALSE,FALSE,FALSE,525,FALSE
나르 ,7,TRUE,FALSE,FALSE,FALSE,FALSE,2.23,0,0,0,0,45.33,0,0,0,0,100,0,0,0,0,FALSE,FALSE,TRUE,TRUE,TRUE,FALSE,TRUE,FALSE,FALSE,TRUE,TRUE,FALSE,TRUE,FALSE,FALSE,TRUE,FALSE,FALSE,FALSE,FALSE,FALSE,FALSE,FALSE,TRUE,400,FALSE
나미  ,8,FALSE,FALSE,FALSE,FALSE,TRUE,0,0,0,0,10.48,0,0,0,0,48.91,0,0,0,0,100,FALSE,FALSE,FALSE,FALSE,TRUE,TRUE,FALSE,TRUE,FALSE,FALSE,FALSE,FALSE,TRUE,FALSE,FALSE,TRUE,FALSE,FALSE,TRUE,FALSE,FALSE,FALSE,TRUE,FALSE,550,TRUE
나서스 ,9,TRUE,FALSE,FALSE,FALSE,FALSE,1.07,0,0,0,0,45.14,0,0,0,0,100,0,0,0,0,FALSE,FALSE,TRUE,TRUE,FALSE,FALSE,TRUE,FALSE,FALSE,FALSE,FALSE,TRUE,FALSE,FALSE,FALSE,FALSE,FALSE,FALSE,FALSE,FALSE,FALSE,FALSE,TRUE,FALSE,125,FALSE
노틸러스  ,10,TRUE,TRUE,FALSE,FALSE,TRUE,4.86,0,0,0,4.72,50.27,0,0,0,49.98,50.74,7.78,0,0,49.26,FALSE,FALSE,TRUE,TRUE,TRUE,FALSE,FALSE,TRUE,FALSE,TRUE,FALSE,TRUE,FALSE,FALSE,FALSE,TRUE,FALSE,FALSE,FALSE,FALSE,FALSE,TRUE,FALSE,FALSE,175,FALSE
녹턴 ,11,FALSE,TRUE,TRUE,FALSE,FALSE,0,2.41,0,0,0,0,49.36,0,0,0,0,100,7.98,0,0,FALSE,TRUE,FALSE,FALSE,TRUE,FALSE,TRUE,FALSE,FALSE,FALSE,FALSE,TRUE,FALSE,FALSE,FALSE,TRUE,FALSE,TRUE,FALSE,FALSE,FALSE,FALSE,FALSE,FALSE,125,FALSE
누누   ,12,FALSE,TRUE,FALSE,FALSE,FALSE,0,0,0,0,0,0,0,0,0,0,0,100,0,0,0,FALSE,FALSE,TRUE,TRUE,FALSE,TRUE,FALSE,TRUE,FALSE,FALSE,FALSE,TRUE,FALSE,FALSE,FALSE,TRUE,FALSE,FALSE,FALSE,FALSE,FALSE,FALSE,FALSE,FALSE,125,FALSE
니달리 ,13,FALSE,TRUE,FALSE,FALSE,FALSE,0,4.29,0,0,0,0,45.16,0,0,0,0,100,0,0,0,FALSE,FALSE,FALSE,FALSE,FALSE,FALSE,FALSE,TRUE,FALSE,TRUE,TRUE,FALSE,TRUE,TRUE,FALSE,FALSE,FALSE,FALSE,TRUE,FALSE,FALSE,FALSE,TRUE,FALSE,525,FALSE
다리우스  ,14,TRUE,FALSE,FALSE,FALSE,FALSE,6.5,0,0,0,0,52.18,0,0,0,0,100,0,0,0,0,FALSE,FALSE,FALSE,TRUE,FALSE,FALSE,TRUE,FALSE,FALSE,FALSE,FALSE,TRUE,FALSE,FALSE,FALSE,TRUE,FALSE,FALSE,FALSE,FALSE,FALSE,FALSE,TRUE,FALSE,125,FALSE
다이애나 ,15,FALSE,TRUE,TRUE,FALSE,FALSE,0,0,1.08,0,0,0,0,46.66,0,0,22.66,19.59,100,0,0,FALSE,TRUE,FALSE,FALSE,TRUE,FALSE,FALSE,TRUE,FALSE,TRUE,FALSE,TRUE,FALSE,FALSE,TRUE,TRUE,FALSE,FALSE,FALSE,FALSE,FALSE,TRUE,FALSE,FALSE,150,FALSE
드레이븐  ,16,FALSE,FALSE,FALSE,TRUE,FALSE,0,0,0,2.63,0,0,0,0,51.27,0,0,0,0,100,0,TRUE,FALSE,FALSE,FALSE,FALSE,FALSE,TRUE,FALSE,FALSE,FALSE,FALSE,FALSE,TRUE,FALSE,FALSE,FALSE,FALSE,FALSE,FALSE,FALSE,FALSE,FALSE,FALSE,FALSE,550,FALSE
라이즈 ,17,TRUE,FALSE,TRUE,FALSE,FALSE,1.95,0,9.34,0,0,48.51,0,49.59,0,0,17.26,0,82.74,0,0,TRUE,FALSE,FALSE,TRUE,TRUE,FALSE,FALSE,TRUE,FALSE,FALSE,FALSE,FALSE,TRUE,FALSE,TRUE,FALSE,FALSE,TRUE,FALSE,FALSE,FALSE,TRUE,FALSE,FALSE,550,FALSE
람머스  ,18,TRUE,TRUE,FALSE,FALSE,FALSE,0.82,2.26,0,0,0,54.55,49.9,0,0,0,26.64,73.36,0,0,0,FALSE,FALSE,TRUE,FALSE,TRUE,FALSE,TRUE,FALSE,FALSE,FALSE,FALSE,TRUE,FALSE,FALSE,FALSE,TRUE,FALSE,FALSE,FALSE,FALSE,FALSE,FALSE,FALSE,FALSE,125,FALSE
럭스 ,19,FALSE,FALSE,TRUE,FALSE,TRUE,0,0,4.14,0,1.39,0,0,47.71,0,44.03,0,0,74.93,0,25.07,FALSE,TRUE,FALSE,FALSE,FALSE,FALSE,FALSE,TRUE,FALSE,FALSE,FALSE,FALSE,TRUE,TRUE,TRUE,TRUE,FALSE,FALSE,FALSE,TRUE,FALSE,TRUE,FALSE,FALSE,550,FALSE
럼블  ,20,TRUE,TRUE,FALSE,FALSE,FALSE,7.58,1.21,0,0,0,50.26,47.46,0,0,0,86.25,13.75,0,0,0,TRUE,FALSE,FALSE,FALSE,TRUE,FALSE,FALSE,TRUE,FALSE,FALSE,FALSE,TRUE,FALSE,FALSE,FALSE,FALSE,FALSE,FALSE,FALSE,FALSE,FALSE,TRUE,FALSE,TRUE,125,FALSE
레넥톤  ,21,TRUE,FALSE,FALSE,FALSE,FALSE,4.72,0,0,0,0,51.98,0,0,0,0,100,0,0,0,0,FALSE,FALSE,TRUE,TRUE,TRUE,FALSE,TRUE,FALSE,FALSE,TRUE,TRUE,TRUE,FALSE,FALSE,FALSE,TRUE,FALSE,FALSE,FALSE,FALSE,FALSE,FALSE,TRUE,FALSE,125,FALSE
레오나 ,22,FALSE,FALSE,FALSE,FALSE,TRUE,0,0,0,0,6.55,0,0,0,0,51.62,0,0,0,0,100,FALSE,FALSE,TRUE,FALSE,TRUE,FALSE,FALSE,TRUE,FALSE,TRUE,FALSE,TRUE,FALSE,FALSE,FALSE,TRUE,FALSE,FALSE,FALSE,FALSE,FALSE,FALSE,FALSE,FALSE,125,FALSE
렉사이 ,23,FALSE,TRUE,FALSE,FALSE,FALSE,0,12.96,0,0,0,0,52.26,0,0,0,0,100,0,0,0,FALSE,FALSE,TRUE,TRUE,TRUE,FALSE,TRUE,FALSE,FALSE,TRUE,TRUE,TRUE,FALSE,FALSE,FALSE,TRUE,FALSE,TRUE,FALSE,FALSE,FALSE,FALSE,TRUE,TRUE,175,FALSE
렝가  ,24,TRUE,TRUE,FALSE,FALSE,FALSE,1.22,5.75,0,0,0,51.03,51.58,0,0,0,17.54,82.46,0,0,0,FALSE,FALSE,TRUE,TRUE,TRUE,FALSE,TRUE,FALSE,FALSE,TRUE,FALSE,TRUE,FALSE,FALSE,FALSE,TRUE,TRUE,FALSE,FALSE,FALSE,FALSE,FALSE,TRUE,FALSE,125,FALSE
루시안 ,25,FALSE,FALSE,FALSE,TRUE,FALSE,0,0,0,10.94,0,0,0,0,45.35,0,0,0,0,100,0,FALSE,TRUE,FALSE,FALSE,FALSE,FALSE,TRUE,FALSE,FALSE,TRUE,TRUE,FALSE,TRUE,FALSE,TRUE,FALSE,FALSE,FALSE,FALSE,FALSE,FALSE,FALSE,FALSE,FALSE,500,FALSE
룰루  ,26,FALSE,FALSE,TRUE,FALSE,TRUE,0,0,0.65,0,3.45,0,0,47.32,0,47.86,7.98,0,15.92,0,84.08,TRUE,FALSE,FALSE,FALSE,FALSE,TRUE,FALSE,TRUE,FALSE,FALSE,FALSE,FALSE,TRUE,FALSE,TRUE,FALSE,FALSE,FALSE,FALSE,TRUE,TRUE,TRUE,FALSE,FALSE,550,FALSE
르블랑 ,27,FALSE,FALSE,TRUE,FALSE,TRUE,0,0,5.94,0,0,0,0,55.87,0,0,0,0,100,0,0,FALSE,TRUE,FALSE,FALSE,FALSE,FALSE,FALSE,TRUE,FALSE,FALSE,FALSE,FALSE,TRUE,FALSE,FALSE,TRUE,FALSE,FALSE,FALSE,FALSE,FALSE,FALSE,FALSE,FALSE,525,FALSE
리 신 ,28,FALSE,TRUE,FALSE,FALSE,TRUE,0,44.81,0,0,0,0,51.36,0,0,0,0,100,0,0,0,FALSE,FALSE,TRUE,TRUE,TRUE,FALSE,TRUE,FALSE,FALSE,TRUE,TRUE,TRUE,FALSE,TRUE,FALSE,TRUE,FALSE,FALSE,FALSE,FALSE,FALSE,TRUE,TRUE,TRUE,125,FALSE
리븐  ,29,TRUE,TRUE,TRUE,FALSE,FALSE,8.42,0.67,0,0,0,49.08,45.8,0,0,0,92.68,7.32,0,0,0,FALSE,TRUE,FALSE,TRUE,FALSE,FALSE,TRUE,FALSE,FALSE,TRUE,TRUE,TRUE,FALSE,FALSE,FALSE,TRUE,FALSE,FALSE,FALSE,FALSE,FALSE,TRUE,FALSE,FALSE,125,FALSE
리산드라 ,30,TRUE,FALSE,TRUE,FALSE,FALSE,1.16,0,2.21,0,0,43.9,0,44.54,0,0,34.42,0,65.58,0,0,FALSE,TRUE,FALSE,FALSE,TRUE,FALSE,FALSE,TRUE,FALSE,TRUE,TRUE,FALSE,TRUE,FALSE,TRUE,TRUE,FALSE,FALSE,FALSE,FALSE,FALSE,FALSE,FALSE,FALSE,550,FALSE
마스터 이,31,FALSE,TRUE,TRUE,FALSE,FALSE,0,2.35,0,0,0,0,44.94,0,0,0,0,100,0,0,0,TRUE,FALSE,FALSE,TRUE,FALSE,FALSE,TRUE,FALSE,FALSE,FALSE,FALSE,TRUE,FALSE,FALSE,FALSE,FALSE,FALSE,FALSE,FALSE,FALSE,FALSE,FALSE,FALSE,FALSE,125,FALSE
마오카이 ,32,TRUE,TRUE,FALSE,FALSE,TRUE,11.46,0,0,0,0,52.18,0,0,0,0,94.76,0,0,0,7.37,FALSE,FALSE,TRUE,FALSE,TRUE,FALSE,FALSE,TRUE,FALSE,TRUE,FALSE,TRUE,FALSE,FALSE,FALSE,TRUE,FALSE,FALSE,FALSE,FALSE,FALSE,FALSE,TRUE,FALSE,125,FALSE
말자하 ,33,TRUE,FALSE,TRUE,FALSE,TRUE,0.68,0,5.02,0,0.6,46.23,0,52.85,0,53.04,10.84,0,79.72,0,9.45,TRUE,FALSE,FALSE,FALSE,FALSE,FALSE,FALSE,TRUE,FALSE,FALSE,FALSE,FALSE,TRUE,FALSE,TRUE,TRUE,FALSE,FALSE,FALSE,FALSE,FALSE,FALSE,FALSE,FALSE,550,FALSE
말파이트 ,34,TRUE,TRUE,TRUE,FALSE,TRUE,3.47,0,0,0,0.5,49.64,0,0,0,50.98,87.37,0,8.34,0,12.63,FALSE,FALSE,TRUE,FALSE,TRUE,FALSE,FALSE,TRUE,FALSE,TRUE,FALSE,TRUE,FALSE,FALSE,FALSE,TRUE,FALSE,FALSE,FALSE,FALSE,FALSE,TRUE,FALSE,FALSE,125,FALSE
모데카이저,35,TRUE,FALSE,FALSE,FALSE,FALSE,0.87,0,0,0,0,52.34,0,0,0,0,100,0,0,0,0,TRUE,FALSE,FALSE,FALSE,FALSE,FALSE,FALSE,TRUE,FALSE,FALSE,FALSE,TRUE,FALSE,FALSE,FALSE,FALSE,FALSE,FALSE,FALSE,FALSE,FALSE,TRUE,TRUE,FALSE,125,FALSE
모르가나 ,36,FALSE,FALSE,TRUE,FALSE,TRUE,0,0,1.77,0,5.56,0,0,47.9,0,48.74,0,0,24.17,0,75.83,FALSE,FALSE,FALSE,FALSE,FALSE,FALSE,FALSE,TRUE,FALSE,FALSE,FALSE,FALSE,TRUE,FALSE,TRUE,TRUE,FALSE,FALSE,FALSE,TRUE,FALSE,FALSE,FALSE,FALSE,425,FALSE
문도 박사 ,37,TRUE,TRUE,FALSE,FALSE,FALSE,0.9,0,0,0,0,45.24,0,0,0,0,100,21.45,0,0,0,FALSE,FALSE,TRUE,FALSE,TRUE,FALSE,FALSE,TRUE,FALSE,FALSE,FALSE,TRUE,FALSE,FALSE,FALSE,FALSE,FALSE,FALSE,FALSE,FALSE,FALSE,FALSE,TRUE,FALSE,125,FALSE
미스 포츈,38,FALSE,FALSE,FALSE,TRUE,TRUE,0,0,0,2.89,1.85,0,0,0,51.65,42.55,0,0,0,60.9,39.1,FALSE,TRUE,FALSE,FALSE,FALSE,FALSE,TRUE,FALSE,FALSE,FALSE,FALSE,FALSE,TRUE,FALSE,FALSE,FALSE,FALSE,FALSE,FALSE,FALSE,FALSE,FALSE,FALSE,FALSE,550,FALSE
바드 ,39,FALSE,FALSE,FALSE,FALSE,TRUE,0,0,0,0,8.86,0,0,0,0,48.95,0,0,0,0,100,FALSE,FALSE,FALSE,FALSE,TRUE,FALSE,FALSE,TRUE,FALSE,FALSE,FALSE,FALSE,TRUE,FALSE,FALSE,TRUE,FALSE,FALSE,TRUE,FALSE,FALSE,FALSE,TRUE,FALSE,500,FALSE
바루스 ,40,FALSE,FALSE,TRUE,TRUE,FALSE,0,0,1.55,2.19,0,0,0,47.95,53.56,0,0,0,41.46,58.54,0,FALSE,TRUE,FALSE,FALSE,TRUE,FALSE,TRUE,FALSE,FALSE,FALSE,FALSE,FALSE,TRUE,TRUE,TRUE,TRUE,FALSE,FALSE,FALSE,FALSE,FALSE,FALSE,FALSE,FALSE,575,FALSE
바이 ,41,FALSE,TRUE,FALSE,FALSE,FALSE,0,3.94,0,0,0,0,50.33,0,0,0,0,100,0,0,0,FALSE,TRUE,TRUE,TRUE,TRUE,FALSE,TRUE,FALSE,FALSE,TRUE,TRUE,TRUE,FALSE,FALSE,FALSE,TRUE,FALSE,FALSE,FALSE,FALSE,FALSE,TRUE,FALSE,FALSE,125,FALSE
베이가 ,42,FALSE,FALSE,TRUE,FALSE,TRUE,0,0,1.75,0,0.78,0,0,50.85,0,46.82,0,0,69.31,0,30.69,FALSE,TRUE,FALSE,FALSE,FALSE,TRUE,FALSE,TRUE,FALSE,FALSE,FALSE,FALSE,TRUE,FALSE,TRUE,TRUE,FALSE,FALSE,FALSE,FALSE,FALSE,FALSE,FALSE,FALSE,525,TRUE
베인 ,43,TRUE,TRUE,FALSE,TRUE,FALSE,0,0,0,20.94,0,0,0,0,47.99,0,0,0,0,100,0,TRUE,FALSE,FALSE,FALSE,FALSE,FALSE,TRUE,FALSE,FALSE,TRUE,TRUE,FALSE,TRUE,FALSE,FALSE,FALSE,TRUE,FALSE,FALSE,FALSE,FALSE,FALSE,FALSE,FALSE,550,FALSE
벨코즈   ,44,FALSE,FALSE,TRUE,FALSE,TRUE,0,0,1.77,0,2.13,0,0,51.08,0,48.51,0,0,45.44,0,54.56,FALSE,TRUE,FALSE,FALSE,FALSE,FALSE,FALSE,TRUE,FALSE,FALSE,FALSE,FALSE,TRUE,FALSE,TRUE,TRUE,FALSE,FALSE,FALSE,FALSE,FALSE,FALSE,FALSE,FALSE,525,FALSE
볼리베어   ,45,FALSE,TRUE,FALSE,FALSE,FALSE,0,0,0,0,0,0,0,0,0,0,0,100,0,0,0,FALSE,FALSE,TRUE,FALSE,TRUE,FALSE,TRUE,FALSE,FALSE,FALSE,FALSE,TRUE,FALSE,FALSE,FALSE,TRUE,FALSE,FALSE,FALSE,FALSE,FALSE,FALSE,TRUE,FALSE,125,FALSE
브라움   ,46,FALSE,FALSE,FALSE,FALSE,TRUE,0,0,0,0,6,0,0,0,0,48.68,0,0,0,0,100,FALSE,FALSE,TRUE,FALSE,TRUE,TRUE,FALSE,TRUE,FALSE,FALSE,FALSE,TRUE,FALSE,FALSE,FALSE,TRUE,FALSE,FALSE,FALSE,FALSE,TRUE,FALSE,FALSE,FALSE,125,FALSE
브랜드 ,47,FALSE,FALSE,TRUE,FALSE,TRUE,0,0,0.81,0,3.09,0,0,47.38,0,49.52,0,0,20.87,0,79.13,FALSE,TRUE,FALSE,FALSE,FALSE,FALSE,FALSE,TRUE,FALSE,FALSE,FALSE,FALSE,TRUE,FALSE,TRUE,TRUE,FALSE,FALSE,FALSE,FALSE,FALSE,FALSE,FALSE,FALSE,550,FALSE
블라디미르  ,48,TRUE,FALSE,TRUE,FALSE,FALSE,1.26,0,1.92,0,0,43.5,0,44.03,0,0,39.58,0,60.42,0,0,TRUE,FALSE,FALSE,TRUE,FALSE,FALSE,FALSE,TRUE,FALSE,FALSE,FALSE,FALSE,TRUE,FALSE,FALSE,FALSE,FALSE,FALSE,FALSE,FALSE,FALSE,FALSE,TRUE,TRUE,450,FALSE
블리츠크랭크  ,49,FALSE,FALSE,FALSE,FALSE,TRUE,0,0,0,0,19.66,0,0,0,0,52.86,0,0,0,0,100,FALSE,FALSE,FALSE,FALSE,TRUE,FALSE,FALSE,TRUE,FALSE,FALSE,FALSE,TRUE,FALSE,FALSE,FALSE,TRUE,FALSE,FALSE,FALSE,FALSE,FALSE,FALSE,FALSE,FALSE,125,FALSE
빅토르   ,50,FALSE,FALSE,TRUE,FALSE,FALSE,0,0,25.13,0,0,0,0,45.37,0,0,0,0,100,0,0,FALSE,TRUE,FALSE,FALSE,FALSE,TRUE,FALSE,TRUE,FALSE,FALSE,FALSE,FALSE,TRUE,FALSE,TRUE,TRUE,FALSE,FALSE,FALSE,FALSE,FALSE,FALSE,FALSE,FALSE,525,TRUE
뽀삐    ,51,TRUE,TRUE,FALSE,FALSE,TRUE,16.95,0,0,0,0,50.94,0,0,0,0,95.33,0,0,0,7.54,FALSE,FALSE,TRUE,FALSE,TRUE,TRUE,TRUE,FALSE,FALSE,TRUE,FALSE,TRUE,FALSE,FALSE,FALSE,TRUE,FALSE,FALSE,FALSE,FALSE,FALSE,TRUE,FALSE,FALSE,125,TRUE
사이온   ,52,TRUE,TRUE,FALSE,FALSE,TRUE,1.88,0,0,0,1.06,51.49,0,0,0,53.09,63.87,0,0,0,36.13,FALSE,FALSE,TRUE,TRUE,TRUE,FALSE,FALSE,TRUE,FALSE,TRUE,FALSE,TRUE,FALSE,FALSE,FALSE,TRUE,FALSE,TRUE,FALSE,FALSE,FALSE,FALSE,FALSE,FALSE,125,FALSE
샤코    ,53,FALSE,TRUE,FALSE,FALSE,TRUE,0,4,0,0,0,0,54.75,0,0,0,12.02,100,0,0,0,FALSE,TRUE,FALSE,FALSE,FALSE,FALSE,TRUE,TRUE,FALSE,TRUE,TRUE,TRUE,FALSE,FALSE,FALSE,FALSE,TRUE,FALSE,FALSE,FALSE,FALSE,FALSE,FALSE,FALSE,125,FALSE
세주아니   ,54,FALSE,TRUE,FALSE,FALSE,FALSE,0,1.21,0,0,0,0,49.55,0,0,0,0,100,0,0,0,FALSE,FALSE,TRUE,TRUE,TRUE,FALSE,FALSE,TRUE,FALSE,TRUE,TRUE,TRUE,FALSE,FALSE,FALSE,TRUE,FALSE,FALSE,FALSE,FALSE,FALSE,FALSE,FALSE,FALSE,125,FALSE
소나   ,55,FALSE,FALSE,FALSE,FALSE,TRUE,0,0,0,0,3.01,0,0,0,0,50.29,0,0,0,0,100,FALSE,FALSE,FALSE,FALSE,TRUE,TRUE,FALSE,TRUE,FALSE,FALSE,FALSE,FALSE,TRUE,FALSE,FALSE,TRUE,FALSE,FALSE,TRUE,TRUE,FALSE,FALSE,TRUE,FALSE,550,FALSE
소라카   ,56,FALSE,FALSE,FALSE,FALSE,TRUE,0,0,0,0,7.84,0,0,0,0,51.65,0,0,0,0,100,FALSE,FALSE,FALSE,FALSE,FALSE,FALSE,FALSE,TRUE,FALSE,FALSE,FALSE,FALSE,TRUE,FALSE,FALSE,FALSE,FALSE,FALSE,TRUE,FALSE,FALSE,FALSE,TRUE,FALSE,550,FALSE
쉔    ,57,TRUE,TRUE,FALSE,FALSE,TRUE,3.32,0,0,0,0,49.75,0,0,0,0,100,0,0,0,11.64,FALSE,FALSE,TRUE,TRUE,TRUE,FALSE,FALSE,TRUE,FALSE,TRUE,TRUE,TRUE,FALSE,FALSE,FALSE,TRUE,FALSE,TRUE,FALSE,FALSE,FALSE,TRUE,FALSE,FALSE,125,FALSE
쉬바나 ,58,FALSE,TRUE,FALSE,FALSE,FALSE,0,3.32,0,0,0,0,50.2,0,0,0,9.02,100,0,0,0,TRUE,FALSE,TRUE,TRUE,TRUE,FALSE,TRUE,FALSE,FALSE,FALSE,FALSE,TRUE,FALSE,FALSE,FALSE,TRUE,FALSE,FALSE,FALSE,FALSE,FALSE,FALSE,FALSE,TRUE,125,FALSE
스웨인   ,59,TRUE,FALSE,TRUE,FALSE,FALSE,0.75,0,0.53,0,0,49.78,0,48.57,0,0,58.4,0,41.6,0,0,TRUE,FALSE,FALSE,TRUE,FALSE,FALSE,FALSE,TRUE,FALSE,FALSE,FALSE,FALSE,TRUE,FALSE,FALSE,TRUE,FALSE,FALSE,FALSE,FALSE,FALSE,FALSE,TRUE,FALSE,500,FALSE
스카너   ,60,FALSE,TRUE,FALSE,FALSE,FALSE,0,0.91,0,0,0,0,50.66,0,0,0,0,100,0,0,0,FALSE,FALSE,TRUE,TRUE,TRUE,FALSE,TRUE,FALSE,FALSE,FALSE,FALSE,TRUE,FALSE,FALSE,FALSE,TRUE,FALSE,FALSE,FALSE,FALSE,FALSE,TRUE,FALSE,FALSE,125,FALSE
시비르   ,61,FALSE,FALSE,FALSE,TRUE,FALSE,0,0,0,5.87,0,0,0,0,49.14,0,0,0,0,100,0,TRUE,FALSE,FALSE,FALSE,TRUE,FALSE,TRUE,FALSE,FALSE,FALSE,FALSE,FALSE,TRUE,FALSE,TRUE,FALSE,FALSE,FALSE,FALSE,FALSE,FALSE,FALSE,FALSE,FALSE,500,FALSE
신 짜오   ,62,FALSE,TRUE,FALSE,FALSE,FALSE,0,0.92,0,0,0,0,49.64,0,0,0,23.9,100,0,0,0,TRUE,FALSE,FALSE,TRUE,TRUE,FALSE,TRUE,FALSE,TRUE,TRUE,FALSE,TRUE,FALSE,FALSE,FALSE,TRUE,FALSE,FALSE,FALSE,FALSE,FALSE,FALSE,TRUE,FALSE,175,FALSE
신드라   ,63,FALSE,FALSE,TRUE,FALSE,FALSE,0,0,11.32,0,0,0,0,51.22,0,0,0,0,100,0,0,FALSE,TRUE,FALSE,FALSE,FALSE,FALSE,FALSE,TRUE,FALSE,FALSE,FALSE,FALSE,TRUE,FALSE,TRUE,TRUE,FALSE,FALSE,FALSE,FALSE,FALSE,FALSE,FALSE,FALSE,550,FALSE
신지드   ,64,TRUE,FALSE,FALSE,FALSE,FALSE,3.55,0,0,0,0,52.31,0,0,0,0,100,0,0,0,0,TRUE,FALSE,TRUE,TRUE,TRUE,FALSE,FALSE,TRUE,FALSE,FALSE,FALSE,TRUE,FALSE,FALSE,FALSE,TRUE,FALSE,FALSE,FALSE,FALSE,FALSE,FALSE,FALSE,FALSE,125,FALSE
쓰레쉬   ,65,FALSE,FALSE,FALSE,FALSE,TRUE,0,0,0,0,39.17,0,0,0,0,51.05,0,0,0,0,100,FALSE,FALSE,FALSE,FALSE,TRUE,FALSE,FALSE,TRUE,FALSE,FALSE,FALSE,FALSE,TRUE,FALSE,FALSE,TRUE,FALSE,FALSE,FALSE,TRUE,TRUE,FALSE,FALSE,FALSE,475,TRUE
아리    ,66,FALSE,FALSE,TRUE,FALSE,FALSE,0,0,13.6,0,0,0,0,52.81,0,0,0,0,100,0,0,FALSE,TRUE,FALSE,FALSE,TRUE,FALSE,FALSE,TRUE,FALSE,TRUE,TRUE,FALSE,TRUE,FALSE,TRUE,TRUE,FALSE,FALSE,FALSE,FALSE,FALSE,FALSE,TRUE,FALSE,550,FALSE
아무무   ,67,FALSE,TRUE,FALSE,FALSE,FALSE,0,0,0,0,0,0,0,0,0,0,0,100,0,0,0,FALSE,FALSE,TRUE,FALSE,TRUE,FALSE,FALSE,TRUE,FALSE,TRUE,FALSE,TRUE,FALSE,FALSE,FALSE,TRUE,FALSE,FALSE,FALSE,FALSE,FALSE,FALSE,FALSE,FALSE,125,FALSE
아우렐리온 솔 ,68,FALSE,FALSE,TRUE,FALSE,FALSE,0,0,0,0,0,0,0,0,0,0,0,0,100,0,0,TRUE,FALSE,FALSE,FALSE,FALSE,FALSE,FALSE,TRUE,FALSE,FALSE,FALSE,FALSE,TRUE,FALSE,TRUE,TRUE,FALSE,FALSE,FALSE,FALSE,FALSE,FALSE,FALSE,FALSE,550,FALSE
아이번   ,69,FALSE,TRUE,FALSE,FALSE,FALSE,0,0,0,0,0,0,0,0,0,0,0,100,0,0,0,FALSE,FALSE,TRUE,FALSE,FALSE,FALSE,FALSE,TRUE,FALSE,TRUE,FALSE,TRUE,FALSE,FALSE,FALSE,TRUE,FALSE,FALSE,FALSE,TRUE,FALSE,TRUE,FALSE,FALSE,125,FALSE
아지르   ,70,FALSE,FALSE,TRUE,FALSE,FALSE,0,0,0,0,0,0,0,0,0,0,0,0,100,0,0,TRUE,FALSE,FALSE,FALSE,TRUE,TRUE,FALSE,TRUE,FALSE,TRUE,TRUE,FALSE,TRUE,TRUE,TRUE,TRUE,FALSE,FALSE,FALSE,FALSE,FALSE,FALSE,FALSE,FALSE,525,FALSE
아칼리   ,71,TRUE,TRUE,TRUE,FALSE,FALSE,0,0,0,0,0,0,0,0,0,0,67.01,0,32.99,0,0,FALSE,TRUE,FALSE,FALSE,FALSE,FALSE,FALSE,TRUE,TRUE,TRUE,FALSE,TRUE,FALSE,FALSE,FALSE,FALSE,TRUE,FALSE,FALSE,FALSE,FALSE,FALSE,FALSE,FALSE,125,FALSE
아트록스   ,72,FALSE,FALSE,FALSE,FALSE,FALSE,0,0,0,0,0,0,0,0,0,0,0,0,0,0,0,TRUE,FALSE,FALSE,TRUE,TRUE,FALSE,TRUE,FALSE,FALSE,TRUE,FALSE,TRUE,FALSE,FALSE,FALSE,TRUE,FALSE,FALSE,FALSE,FALSE,FALSE,FALSE,TRUE,FALSE,150,FALSE
알리스타 ,73,FALSE,FALSE,FALSE,FALSE,TRUE,0,0,0,0,0,0,0,0,0,0,0,0,0,0,100,FALSE,FALSE,TRUE,FALSE,TRUE,TRUE,FALSE,TRUE,FALSE,TRUE,FALSE,TRUE,FALSE,FALSE,FALSE,TRUE,FALSE,FALSE,TRUE,FALSE,FALSE,FALSE,TRUE,FALSE,125,TRUE
애니    ,74,FALSE,FALSE,TRUE,FALSE,TRUE,0,0,1.86,0,1.06,0,0,53.28,0,49.12,14.53,0,63.6,0,36.4,FALSE,TRUE,FALSE,FALSE,TRUE,FALSE,FALSE,TRUE,FALSE,FALSE,FALSE,FALSE,TRUE,FALSE,FALSE,TRUE,FALSE,FALSE,FALSE,FALSE,FALSE,FALSE,FALSE,FALSE,625,FALSE
애니비아   ,75,FALSE,FALSE,TRUE,FALSE,FALSE,0,0,0,0,0,0,0,0,0,0,0,0,100,0,0,FALSE,TRUE,FALSE,FALSE,FALSE,FALSE,FALSE,TRUE,FALSE,FALSE,FALSE,FALSE,TRUE,FALSE,TRUE,TRUE,FALSE,FALSE,FALSE,FALSE,FALSE,FALSE,FALSE,FALSE,600,FALSE
애쉬    ,76,FALSE,FALSE,FALSE,TRUE,FALSE,0,0,0,7.92,0,0,0,0,49.96,0,0,0,0,100,0,TRUE,FALSE,FALSE,FALSE,TRUE,FALSE,TRUE,FALSE,FALSE,FALSE,FALSE,FALSE,TRUE,FALSE,TRUE,TRUE,FALSE,FALSE,FALSE,FALSE,FALSE,FALSE,FALSE,FALSE,600,FALSE
야스오 ,77,TRUE,TRUE,TRUE,FALSE,FALSE,7.42,0,5.67,0,0,47.05,0,48.41,0,0,56.69,0,43.31,0,0,TRUE,FALSE,FALSE,FALSE,FALSE,FALSE,TRUE,FALSE,FALSE,TRUE,FALSE,TRUE,FALSE,FALSE,FALSE,FALSE,FALSE,FALSE,FALSE,FALSE,FALSE,TRUE,FALSE,FALSE,175,FALSE
에코    ,78,TRUE,TRUE,TRUE,FALSE,FALSE,7.42,0,6.31,0,0,45.73,0,51.74,0,0,54.03,0,45.97,0,0,FALSE,TRUE,TRUE,TRUE,TRUE,FALSE,FALSE,TRUE,FALSE,TRUE,TRUE,TRUE,FALSE,FALSE,FALSE,FALSE,FALSE,FALSE,FALSE,FALSE,FALSE,TRUE,FALSE,FALSE,125,FALSE
엘리스   ,79,FALSE,TRUE,FALSE,FALSE,FALSE,0,25.14,0,0,0,0,50.64,0,0,0,0,100,0,0,0,FALSE,TRUE,FALSE,TRUE,FALSE,FALSE,FALSE,TRUE,FALSE,TRUE,FALSE,FALSE,TRUE,FALSE,FALSE,TRUE,FALSE,FALSE,FALSE,FALSE,FALSE,FALSE,TRUE,FALSE,550,FALSE
오공    ,80,TRUE,TRUE,FALSE,FALSE,FALSE,1.32,1.39,0,0,0,50.62,48.54,0,0,0,48.74,51.26,0,0,0,FALSE,TRUE,FALSE,TRUE,TRUE,FALSE,TRUE,FALSE,FALSE,TRUE,FALSE,TRUE,FALSE,FALSE,FALSE,TRUE,TRUE,FALSE,FALSE,FALSE,FALSE,FALSE,FALSE,FALSE,175,FALSE
오리아나 ,81,FALSE,FALSE,TRUE,FALSE,FALSE,0,0,12.76,0,0,0,0,47.82,0,0,0,0,100,0,0,FALSE,TRUE,FALSE,FALSE,FALSE,FALSE,FALSE,TRUE,FALSE,FALSE,FALSE,FALSE,TRUE,FALSE,TRUE,TRUE,FALSE,FALSE,FALSE,TRUE,FALSE,TRUE,FALSE,FALSE,525,FALSE
올라프   ,82,TRUE,TRUE,FALSE,FALSE,FALSE,2.82,2.57,0,0,0,50.91,48.65,0,0,0,52.36,47.64,0,0,0,TRUE,FALSE,TRUE,TRUE,TRUE,FALSE,TRUE,FALSE,FALSE,FALSE,FALSE,TRUE,FALSE,FALSE,FALSE,FALSE,FALSE,FALSE,FALSE,FALSE,FALSE,FALSE,FALSE,FALSE,125,FALSE
요릭   ,83,TRUE,FALSE,FALSE,FALSE,FALSE,0.76,0,0,0,0,50.86,0,0,0,0,100,0,0,0,0,FALSE,FALSE,TRUE,TRUE,TRUE,FALSE,TRUE,FALSE,FALSE,FALSE,FALSE,TRUE,FALSE,FALSE,FALSE,FALSE,FALSE,FALSE,FALSE,FALSE,FALSE,FALSE,TRUE,FALSE,125,FALSE
우디르   ,84,FALSE,TRUE,FALSE,FALSE,FALSE,0,0,0,0,0,0,0,0,0,0,0,100,0,0,0,TRUE,FALSE,FALSE,FALSE,TRUE,FALSE,FALSE,TRUE,FALSE,FALSE,FALSE,TRUE,FALSE,FALSE,FALSE,FALSE,FALSE,FALSE,FALSE,FALSE,FALSE,TRUE,FALSE,FALSE,125,FALSE
우르곳  ,85,FALSE,FALSE,FALSE,TRUE,FALSE,0,0,0,0,0,0,0,0,0,0,0,0,0,0,0,TRUE,FALSE,FALSE,TRUE,FALSE,FALSE,TRUE,FALSE,FALSE,FALSE,FALSE,FALSE,TRUE,FALSE,FALSE,FALSE,FALSE,FALSE,FALSE,FALSE,FALSE,FALSE,FALSE,FALSE,425,FALSE
워윅    ,86,FALSE,TRUE,FALSE,FALSE,FALSE,0,0,0,0,0,0,0,0,0,0,0,100,0,0,0,TRUE,FALSE,FALSE,TRUE,TRUE,FALSE,TRUE,FALSE,TRUE,FALSE,FALSE,TRUE,FALSE,FALSE,FALSE,TRUE,FALSE,FALSE,FALSE,FALSE,FALSE,FALSE,TRUE,FALSE,125,FALSE
이렐리아   ,87,TRUE,FALSE,FALSE,FALSE,FALSE,7.73,0,0,0,0,49.53,0,0,0,0,100,0,0,0,0,FALSE,FALSE,FALSE,TRUE,FALSE,FALSE,TRUE,FALSE,FALSE,TRUE,FALSE,TRUE,FALSE,FALSE,FALSE,FALSE,FALSE,FALSE,FALSE,FALSE,FALSE,FALSE,FALSE,FALSE,125,FALSE
이블린   ,88,FALSE,TRUE,FALSE,FALSE,FALSE,0,9.07,0,0,0,0,50.63,0,0,0,0,100,0,0,0,TRUE,FALSE,FALSE,TRUE,TRUE,FALSE,TRUE,TRUE,FALSE,FALSE,FALSE,TRUE,FALSE,FALSE,FALSE,FALSE,TRUE,FALSE,FALSE,FALSE,FALSE,FALSE,FALSE,FALSE,125,FALSE
이즈리얼   ,89,FALSE,TRUE,TRUE,TRUE,TRUE,0,0,0,58.25,0,0,0,0,49.87,0,0,0,0,98.63,0,TRUE,FALSE,FALSE,FALSE,FALSE,FALSE,TRUE,TRUE,FALSE,TRUE,TRUE,FALSE,TRUE,TRUE,FALSE,FALSE,FALSE,FALSE,FALSE,FALSE,FALSE,FALSE,FALSE,FALSE,550,FALSE
일라오이   ,90,TRUE,FALSE,FALSE,FALSE,FALSE,1.54,0,0,0,0,47.87,0,0,0,0,100,0,0,0,0,FALSE,FALSE,FALSE,TRUE,FALSE,TRUE,TRUE,FALSE,FALSE,FALSE,FALSE,TRUE,FALSE,FALSE,FALSE,FALSE,FALSE,FALSE,FALSE,FALSE,FALSE,FALSE,FALSE,FALSE,125,FALSE
자르반 4세,91,TRUE,TRUE,FALSE,FALSE,FALSE,0,2.66,0,0,0,0,46.33,0,0,0,18.15,100,0,0,0,FALSE,TRUE,TRUE,TRUE,TRUE,FALSE,TRUE,FALSE,FALSE,TRUE,TRUE,TRUE,FALSE,FALSE,FALSE,TRUE,FALSE,FALSE,FALSE,FALSE,FALSE,TRUE,FALSE,FALSE,175,FALSE
자이라   ,92,FALSE,FALSE,TRUE,FALSE,TRUE,0,0,0,0,8.08,0,0,0,0,50.96,0,0,0,0,100,TRUE,FALSE,FALSE,FALSE,FALSE,TRUE,FALSE,TRUE,FALSE,FALSE,FALSE,FALSE,TRUE,FALSE,TRUE,TRUE,FALSE,FALSE,FALSE,FALSE,FALSE,FALSE,FALSE,FALSE,575,TRUE
자크    ,93,TRUE,TRUE,FALSE,FALSE,FALSE,1.53,4.07,0,0,0,49.07,48.06,0,0,0,27.31,72.69,0,0,0,FALSE,FALSE,TRUE,TRUE,TRUE,FALSE,FALSE,TRUE,FALSE,TRUE,TRUE,TRUE,FALSE,FALSE,FALSE,TRUE,FALSE,FALSE,FALSE,FALSE,FALSE,FALSE,TRUE,FALSE,175,FALSE
잔나    ,94,FALSE,FALSE,FALSE,FALSE,TRUE,0,0,0,0,9.4,0,0,0,0,51.3,0,0,0,0,100,FALSE,FALSE,FALSE,FALSE,FALSE,TRUE,FALSE,TRUE,FALSE,FALSE,FALSE,FALSE,TRUE,FALSE,FALSE,TRUE,FALSE,FALSE,TRUE,TRUE,FALSE,TRUE,FALSE,FALSE,475,TRUE
잭스    ,95,TRUE,TRUE,FALSE,FALSE,FALSE,4.04,1.43,0,0,0,50.03,52.99,0,0,0,73.88,26.12,0,0,0,TRUE,FALSE,FALSE,TRUE,TRUE,FALSE,TRUE,FALSE,TRUE,TRUE,TRUE,TRUE,FALSE,FALSE,FALSE,TRUE,FALSE,FALSE,FALSE,FALSE,FALSE,FALSE,FALSE,FALSE,125,FALSE
제드 ,96,TRUE,FALSE,TRUE,FALSE,FALSE,0,0,8.43,0,0,0,0,50.2,0,0,7.52,0,100,0,0,FALSE,TRUE,FALSE,FALSE,FALSE,FALSE,TRUE,FALSE,FALSE,TRUE,TRUE,TRUE,FALSE,FALSE,FALSE,FALSE,FALSE,FALSE,FALSE,FALSE,FALSE,FALSE,FALSE,FALSE,125,FALSE
제라스   ,97,FALSE,FALSE,TRUE,FALSE,TRUE,0,0,3.16,0,0,0,0,50.16,0,0,0,0,100,0,11.46,TRUE,FALSE,FALSE,FALSE,FALSE,FALSE,FALSE,TRUE,FALSE,FALSE,FALSE,FALSE,TRUE,TRUE,TRUE,TRUE,FALSE,TRUE,FALSE,FALSE,FALSE,FALSE,FALSE,FALSE,550,FALSE
제이스   ,98,TRUE,FALSE,TRUE,FALSE,FALSE,12.87,0,4.53,0,0,51.86,0,53.05,0,0,73.96,0,26.04,0,0,FALSE,TRUE,FALSE,FALSE,FALSE,FALSE,TRUE,FALSE,FALSE,TRUE,FALSE,FALSE,TRUE,TRUE,TRUE,FALSE,FALSE,FALSE,FALSE,FALSE,FALSE,FALSE,FALSE,FALSE,500,FALSE
직스    ,99,FALSE,FALSE,TRUE,FALSE,FALSE,0,0,1.23,0,0,0,0,50.09,0,0,0,0,100,0,0,FALSE,FALSE,FALSE,FALSE,FALSE,FALSE,FALSE,TRUE,FALSE,FALSE,FALSE,FALSE,TRUE,TRUE,TRUE,TRUE,FALSE,TRUE,FALSE,FALSE,FALSE,FALSE,FALSE,FALSE,575,FALSE
진 ,100,FALSE,FALSE,TRUE,TRUE,FALSE,0,0,0,34.05,0,0,0,0,52.07,0,0,0,0,100,0,FALSE,TRUE,FALSE,FALSE,FALSE,FALSE,TRUE,FALSE,FALSE,FALSE,FALSE,FALSE,TRUE,FALSE,FALSE,FALSE,FALSE,TRUE,FALSE,FALSE,FALSE,FALSE,FALSE,FALSE,550,FALSE
질리언   ,101,FALSE,FALSE,TRUE,FALSE,TRUE,0,0,2.17,0,3.16,0,0,51.26,0,50.99,0,0,40.8,0,59.2,FALSE,TRUE,FALSE,FALSE,FALSE,FALSE,FALSE,TRUE,FALSE,FALSE,FALSE,FALSE,TRUE,FALSE,TRUE,FALSE,FALSE,FALSE,FALSE,FALSE,TRUE,FALSE,FALSE,FALSE,600,FALSE
징크스 ,102,FALSE,FALSE,FALSE,TRUE,FALSE,0,0,0,12.03,0,0,0,0,50.6,0,0,0,0,100,0,TRUE,FALSE,FALSE,FALSE,FALSE,FALSE,TRUE,FALSE,FALSE,FALSE,FALSE,FALSE,TRUE,FALSE,TRUE,FALSE,FALSE,FALSE,FALSE,FALSE,FALSE,FALSE,FALSE,FALSE,525,FALSE
초가스   ,103,TRUE,TRUE,TRUE,FALSE,FALSE,0,0,0,0,0,0,0,0,0,0,100,0,0,0,0,FALSE,TRUE,FALSE,TRUE,FALSE,TRUE,FALSE,TRUE,FALSE,FALSE,FALSE,TRUE,FALSE,FALSE,TRUE,FALSE,FALSE,FALSE,FALSE,FALSE,FALSE,FALSE,TRUE,FALSE,125,TRUE
카르마   ,104,TRUE,FALSE,TRUE,FALSE,TRUE,0,0,2.15,0,25.97,0,0,49.34,0,49.09,0,0,7.48,0,90.54,FALSE,FALSE,FALSE,FALSE,TRUE,FALSE,FALSE,TRUE,FALSE,FALSE,FALSE,FALSE,TRUE,FALSE,FALSE,FALSE,FALSE,FALSE,FALSE,TRUE,FALSE,TRUE,FALSE,FALSE,425,FALSE
카사딘 ,105,FALSE,FALSE,TRUE,FALSE,FALSE,0,0,3.1,0,0,0,0,49.52,0,0,0,0,100,0,0,FALSE,TRUE,FALSE,TRUE,FALSE,FALSE,FALSE,TRUE,FALSE,TRUE,TRUE,TRUE,FALSE,FALSE,FALSE,FALSE,FALSE,FALSE,FALSE,FALSE,FALSE,TRUE,FALSE,FALSE,125,FALSE
카서스 ,106,FALSE,FALSE,TRUE,FALSE,FALSE,0.62,0,2.84,0,0,57.67,0,54.96,0,0,17.94,0,82.06,0,0,TRUE,FALSE,FALSE,TRUE,FALSE,TRUE,FALSE,TRUE,FALSE,FALSE,FALSE,FALSE,TRUE,FALSE,TRUE,FALSE,FALSE,TRUE,FALSE,FALSE,FALSE,FALSE,FALSE,FALSE,450,FALSE
카시오페아 ,107,TRUE,FALSE,TRUE,FALSE,FALSE,0.92,0,9.09,0,0,51.91,0,50.43,0,0,9.17,0,90.83,0,0,TRUE,FALSE,FALSE,FALSE,FALSE,FALSE,FALSE,TRUE,FALSE,FALSE,FALSE,FALSE,TRUE,FALSE,FALSE,FALSE,FALSE,FALSE,FALSE,FALSE,FALSE,FALSE,FALSE,FALSE,550,FALSE
카직스 ,108,FALSE,TRUE,FALSE,FALSE,FALSE,0,14.99,0,0,0,0,51.51,0,0,0,0,100,0,0,0,FALSE,TRUE,FALSE,FALSE,FALSE,FALSE,TRUE,FALSE,FALSE,TRUE,TRUE,TRUE,FALSE,FALSE,FALSE,FALSE,TRUE,FALSE,FALSE,FALSE,FALSE,FALSE,TRUE,FALSE,125,FALSE
카타리나 ,109,FALSE,FALSE,TRUE,FALSE,FALSE,0,0,8.38,0,0,0,0,51.47,0,0,10.13,0,100,0,0,FALSE,TRUE,FALSE,FALSE,FALSE,FALSE,FALSE,TRUE,FALSE,TRUE,TRUE,TRUE,FALSE,FALSE,FALSE,FALSE,FALSE,FALSE,FALSE,FALSE,FALSE,FALSE,FALSE,TRUE,125,FALSE
칼리스타 ,110,FALSE,FALSE,FALSE,TRUE,FALSE,0,0,0,0.87,0,0,0,0,44.99,0,0,0,0,100,0,TRUE,FALSE,FALSE,FALSE,TRUE,TRUE,TRUE,FALSE,FALSE,FALSE,FALSE,FALSE,TRUE,FALSE,FALSE,TRUE,FALSE,FALSE,FALSE,FALSE,FALSE,FALSE,FALSE,FALSE,550,FALSE
케넨 ,111,TRUE,FALSE,TRUE,FALSE,TRUE,8.28,0,0,0,0,49.75,0,0,0,0,100,0,0,0,8,FALSE,TRUE,FALSE,FALSE,TRUE,FALSE,FALSE,TRUE,FALSE,FALSE,FALSE,FALSE,TRUE,FALSE,FALSE,TRUE,FALSE,FALSE,FALSE,FALSE,FALSE,FALSE,FALSE,TRUE,550,FALSE
케이틀린 ,112,FALSE,FALSE,FALSE,TRUE,FALSE,0,0,0,24.97,0,0,0,0,50,0,0,0,0,100,0,TRUE,FALSE,FALSE,FALSE,FALSE,FALSE,TRUE,FALSE,FALSE,TRUE,TRUE,FALSE,TRUE,FALSE,TRUE,FALSE,FALSE,FALSE,FALSE,FALSE,FALSE,FALSE,FALSE,FALSE,650,FALSE
케일 ,113,TRUE,TRUE,TRUE,TRUE,FALSE,2.04,0,1.2,0,0,51.91,0,51.91,0,0,62.84,15.7,37.16,0,0,TRUE,FALSE,FALSE,TRUE,FALSE,FALSE,FALSE,TRUE,TRUE,FALSE,FALSE,TRUE,FALSE,FALSE,TRUE,FALSE,FALSE,FALSE,TRUE,FALSE,TRUE,FALSE,TRUE,FALSE,125,FALSE
코그모 ,114,FALSE,FALSE,FALSE,TRUE,FALSE,0,0,0,1.25,0,0,0,0,52.36,0,0,0,30.1,100,0,TRUE,FALSE,FALSE,FALSE,FALSE,FALSE,TRUE,TRUE,TRUE,FALSE,FALSE,FALSE,TRUE,TRUE,TRUE,FALSE,FALSE,FALSE,FALSE,FALSE,FALSE,FALSE,FALSE,FALSE,500,FALSE
코르키 ,115,FALSE,FALSE,TRUE,TRUE,FALSE,0,0,2.24,1.85,0,0,0,52.03,48.99,0,0,0,54.78,45.22,0,FALSE,TRUE,FALSE,FALSE,FALSE,FALSE,TRUE,FALSE,TRUE,TRUE,TRUE,FALSE,TRUE,TRUE,TRUE,FALSE,FALSE,FALSE,FALSE,FALSE,FALSE,FALSE,FALSE,FALSE,550,FALSE
퀸 ,116,TRUE,TRUE,FALSE,TRUE,FALSE,1.43,0,0,0,0,52.33,0,0,0,0,100,0,0,0,0,FALSE,TRUE,FALSE,FALSE,FALSE,FALSE,TRUE,FALSE,FALSE,TRUE,FALSE,FALSE,TRUE,FALSE,FALSE,FALSE,FALSE,FALSE,FALSE,FALSE,FALSE,FALSE,FALSE,FALSE,525,FALSE
클레드 ,117,TRUE,TRUE,FALSE,FALSE,FALSE,6.39,0,0,0,0,50.59,0,0,0,0,100,0,0,0,0,FALSE,FALSE,FALSE,TRUE,TRUE,FALSE,TRUE,FALSE,FALSE,TRUE,TRUE,TRUE,FALSE,FALSE,FALSE,TRUE,FALSE,TRUE,FALSE,FALSE,FALSE,TRUE,FALSE,TRUE,250,FALSE
킨드레드 ,118,FALSE,TRUE,FALSE,FALSE,FALSE,0,1.77,0,0,0,0,48.82,0,0,0,0,100,0,0,0,TRUE,FALSE,FALSE,FALSE,FALSE,FALSE,TRUE,FALSE,FALSE,TRUE,TRUE,FALSE,TRUE,FALSE,FALSE,FALSE,FALSE,FALSE,FALSE,FALSE,TRUE,FALSE,TRUE,FALSE,500,FALSE
타릭 ,119,FALSE,FALSE,FALSE,FALSE,TRUE,0,0,0,0,1.18,0,0,0,0,49.58,0,0,0,0,100,FALSE,FALSE,TRUE,FALSE,FALSE,FALSE,TRUE,FALSE,FALSE,FALSE,FALSE,TRUE,FALSE,FALSE,FALSE,TRUE,FALSE,FALSE,FALSE,TRUE,TRUE,TRUE,TRUE,FALSE,125,FALSE
탈론 ,120,TRUE,TRUE,TRUE,FALSE,FALSE,0.64,0,1.82,0,0,51.79,0,47.95,0,0,26.1,0,73.9,0,0,FALSE,TRUE,FALSE,FALSE,FALSE,FALSE,TRUE,FALSE,FALSE,TRUE,FALSE,TRUE,FALSE,FALSE,FALSE,FALSE,TRUE,FALSE,FALSE,FALSE,FALSE,FALSE,FALSE,FALSE,125,FALSE
탈리야 ,121,FALSE,FALSE,TRUE,FALSE,FALSE,0,0,1.68,0,0,0,0,51.57,0,0,0,0,100,0,0,FALSE,TRUE,FALSE,FALSE,TRUE,FALSE,FALSE,TRUE,FALSE,FALSE,FALSE,FALSE,TRUE,FALSE,FALSE,TRUE,FALSE,TRUE,FALSE,FALSE,FALSE,FALSE,FALSE,FALSE,525,FALSE
탐 켄치 ,122,TRUE,FALSE,FALSE,FALSE,TRUE,0.61,0,0,0,3.38,46.06,0,0,0,49.08,15.33,0,0,0,84.67,FALSE,FALSE,TRUE,TRUE,TRUE,FALSE,FALSE,TRUE,FALSE,FALSE,FALSE,TRUE,FALSE,FALSE,FALSE,TRUE,FALSE,FALSE,FALSE,FALSE,TRUE,TRUE,TRUE,FALSE,175,FALSE
트런들 ,123,TRUE,TRUE,FALSE,FALSE,TRUE,2.64,0,0,0,2.26,45.29,0,0,0,47.24,53.83,9.38,0,0,46.17,FALSE,FALSE,TRUE,TRUE,TRUE,FALSE,TRUE,FALSE,FALSE,FALSE,FALSE,TRUE,FALSE,FALSE,FALSE,TRUE,FALSE,FALSE,FALSE,FALSE,FALSE,FALSE,TRUE,FALSE,125,FALSE
트리스타나 ,124,FALSE,FALSE,FALSE,TRUE,FALSE,0,0,0,2.14,0,0,0,0,48.57,0,0,0,0,100,0,TRUE,FALSE,FALSE,FALSE,FALSE,FALSE,TRUE,FALSE,FALSE,TRUE,TRUE,FALSE,TRUE,FALSE,FALSE,TRUE,FALSE,FALSE,FALSE,FALSE,FALSE,FALSE,FALSE,FALSE,550,FALSE
트린다미어 ,125,TRUE,TRUE,FALSE,FALSE,FALSE,0.86,0,0,0,0,48.91,0,0,0,0,100,0,0,0,0,TRUE,FALSE,FALSE,FALSE,TRUE,FALSE,TRUE,FALSE,FALSE,TRUE,TRUE,TRUE,FALSE,FALSE,FALSE,FALSE,FALSE,FALSE,FALSE,FALSE,FALSE,FALSE,TRUE,FALSE,125,FALSE
트위스티드 페이트 ,126,FALSE,FALSE,TRUE,TRUE,FALSE,0,0,15.51,0,0,0,0,52.97,0,0,0,0,100,0,0,FALSE,TRUE,FALSE,FALSE,TRUE,FALSE,FALSE,TRUE,FALSE,FALSE,FALSE,FALSE,TRUE,FALSE,TRUE,TRUE,FALSE,TRUE,FALSE,FALSE,FALSE,FALSE,FALSE,FALSE,525,FALSE
트위치 ,127,FALSE,TRUE,FALSE,TRUE,FALSE,0,1.52,0,10.07,0,0,47.08,0,52.39,0,0,13.12,0,86.88,0,TRUE,FALSE,FALSE,FALSE,FALSE,FALSE,TRUE,FALSE,FALSE,FALSE,FALSE,FALSE,TRUE,FALSE,FALSE,FALSE,TRUE,FALSE,FALSE,FALSE,FALSE,FALSE,FALSE,FALSE,550,FALSE
티모 ,128,TRUE,TRUE,FALSE,TRUE,TRUE,2.67,0,0,0,0,48.05,0,0,0,0,100,0,0,0,0,TRUE,FALSE,FALSE,TRUE,FALSE,FALSE,TRUE,TRUE,TRUE,FALSE,FALSE,FALSE,TRUE,FALSE,FALSE,FALSE,TRUE,FALSE,FALSE,FALSE,FALSE,FALSE,FALSE,FALSE,500,FALSE
판테온 ,129,TRUE,TRUE,TRUE,FALSE,FALSE,5.8,1.26,0.69,0,0,52.96,47.69,51.36,0,0,74.9,16.25,8.84,0,0,FALSE,TRUE,TRUE,TRUE,TRUE,FALSE,TRUE,FALSE,FALSE,TRUE,FALSE,TRUE,FALSE,FALSE,FALSE,TRUE,FALSE,TRUE,FALSE,FALSE,FALSE,FALSE,FALSE,FALSE,150,FALSE
피들스틱 ,130,FALSE,TRUE,FALSE,FALSE,TRUE,0,0.98,0,0,0.63,0,48.99,0,0,51.57,0,60.79,0,0,39.21,FALSE,TRUE,FALSE,FALSE,TRUE,FALSE,FALSE,TRUE,FALSE,FALSE,FALSE,FALSE,TRUE,FALSE,FALSE,TRUE,FALSE,FALSE,FALSE,FALSE,FALSE,FALSE,TRUE,FALSE,480,FALSE
피오라 ,131,TRUE,FALSE,FALSE,FALSE,FALSE,8.85,0,0,0,0,51.41,0,0,0,0,100,0,0,0,0,TRUE,FALSE,FALSE,TRUE,FALSE,FALSE,TRUE,FALSE,FALSE,TRUE,TRUE,TRUE,FALSE,FALSE,FALSE,FALSE,FALSE,FALSE,FALSE,FALSE,FALSE,FALSE,FALSE,FALSE,125,FALSE
피즈 ,132,TRUE,TRUE,TRUE,FALSE,FALSE,0.96,0,3.56,0,0,47.54,0,51.57,0,0,21.16,7.42,78.84,0,0,FALSE,TRUE,FALSE,TRUE,TRUE,FALSE,FALSE,TRUE,FALSE,TRUE,TRUE,TRUE,FALSE,FALSE,FALSE,FALSE,FALSE,FALSE,FALSE,FALSE,FALSE,FALSE,FALSE,FALSE,175,FALSE
하이머딩거 ,133,TRUE,FALSE,FALSE,FALSE,FALSE,0.79,0,0,0,0,51.46,0,0,0,0,100,0,0,0,0,FALSE,TRUE,FALSE,FALSE,FALSE,TRUE,FALSE,TRUE,FALSE,FALSE,FALSE,FALSE,TRUE,FALSE,TRUE,FALSE,FALSE,FALSE,FALSE,FALSE,FALSE,FALSE,FALSE,FALSE,550,FALSE
헤카림,134,TRUE,TRUE,FALSE,FALSE,FALSE,1.44,8.81,0,0,0,48.28,50.67,0,0,0,14.03,85.97,0,0,0,FALSE,FALSE,TRUE,TRUE,TRUE,FALSE,TRUE,FALSE,FALSE,TRUE,FALSE,TRUE,FALSE,FALSE,FALSE,TRUE,FALSE,FALSE,FALSE,FALSE,FALSE,FALSE,TRUE,FALSE,175,FALSE
카밀,135,TRUE,TRUE,FALSE,FALSE,FALSE,4.76,1.37,0,0,0,52.37,46.57,0,0,0,77.62,22.38,0,0,0,FALSE,FALSE,FALSE,TRUE,TRUE,TRUE,TRUE,FALSE,FALSE,TRUE,TRUE,TRUE,FALSE,FALSE,FALSE,TRUE,FALSE,FALSE,FALSE,FALSE,FALSE,TRUE,FALSE,FALSE,125,FALSE